{
    "mean_loss": 0.0010403153719380498,
    "std_loss": 0.0002082147402688861,
    "epochs": 100,
    "num_chunks": 550
}